"동별(1)",동별(2),2015,2015,2015,2015,2015,2015,2015,2015,2015,2015,2015,2015,2015,2015,2015,2015,2015,2015,2015,2015,2016,2016,2016,2016,2016,2016,2016,2016,2016,2016,2016,2016,2016,2016,2016,2016,2016,2016,2016,2016,2017,2017,2017,2017,2017,2017,2017,2017,2017,2017,2017,2017,2017,2017,2017,2017,2017,2017,2017,2017,2018,2018,2018,2018,2018,2018,2018,2018,2018,2018,2018,2018,2018,2018,2018,2018,2018,2018,2018,2018,2019,2019,2019,2019,2019,2019,2019,2019,2019,2019,2019,2019,2019,2019,2019,2019,2019,2019,2019,2019,2020,2020,2020,2020,2020,2020,2020,2020,2020,2020,2020,2020,2020,2020,2020,2020,2020,2020,2020,2020,2021,2021,2021,2021,2021,2021,2021,2021,2021,2021,2021,2021,2021,2021,2021,2021,2021,2021,2021,2021,2022,2022,2022,2022,2022,2022,2022,2022,2022,2022,2022,2022,2022,2022,2022,2022,2022,2022,2022,2022,2023,2023,2023,2023,2023,2023,2023,2023,2023,2023,2023,2023,2023,2023,2023,2023,2023,2023,2023,2023,2024,2024,2024,2024,2024,2024,2024,2024,2024,2024,2024,2024,2024,2024,2024,2024,2024,2024,2024,2024
"동별(1)",동별(2),총가구,총가구,총가구,총가구,일반가구,일반가구,일반가구,일반가구,집단가구,집단가구,집단가구,집단가구,집단가구,집단가구,집단가구,집단가구,외국인가구,외국인가구,외국인가구,외국인가구,총가구,총가구,총가구,총가구,일반가구,일반가구,일반가구,일반가구,집단가구,집단가구,집단가구,집단가구,집단가구,집단가구,집단가구,집단가구,외국인가구,외국인가구,외국인가구,외국인가구,총가구,총가구,총가구,총가구,일반가구,일반가구,일반가구,일반가구,집단가구,집단가구,집단가구,집단가구,집단가구,집단가구,집단가구,집단가구,외국인가구,외국인가구,외국인가구,외국인가구,총가구,총가구,총가구,총가구,일반가구,일반가구,일반가구,일반가구,집단가구,집단가구,집단가구,집단가구,집단가구,집단가구,집단가구,집단가구,외국인가구,외국인가구,외국인가구,외국인가구,총가구,총가구,총가구,총가구,일반가구,일반가구,일반가구,일반가구,집단가구,집단가구,집단가구,집단가구,집단가구,집단가구,집단가구,집단가구,외국인가구,외국인가구,외국인가구,외국인가구,총가구,총가구,총가구,총가구,일반가구,일반가구,일반가구,일반가구,집단가구,집단가구,집단가구,집단가구,집단가구,집단가구,집단가구,집단가구,외국인가구,외국인가구,외국인가구,외국인가구,총가구,총가구,총가구,총가구,일반가구,일반가구,일반가구,일반가구,집단가구,집단가구,집단가구,집단가구,집단가구,집단가구,집단가구,집단가구,외국인가구,외국인가구,외국인가구,외국인가구,총가구,총가구,총가구,총가구,일반가구,일반가구,일반가구,일반가구,집단가구,집단가구,집단가구,집단가구,집단가구,집단가구,집단가구,집단가구,외국인가구,외국인가구,외국인가구,외국인가구,총가구,총가구,총가구,총가구,일반가구,일반가구,일반가구,일반가구,집단가구,집단가구,집단가구,집단가구,집단가구,집단가구,집단가구,집단가구,외국인가구,외국인가구,외국인가구,외국인가구,총가구,총가구,총가구,총가구,일반가구,일반가구,일반가구,일반가구,집단가구,집단가구,집단가구,집단가구,집단가구,집단가구,집단가구,집단가구,외국인가구,외국인가구,외국인가구,외국인가구
"동별(1)",동별(2),소계,소계,소계,소계,소계,소계,소계,소계,비친족 6인이상 가구,비친족 6인이상 가구,비친족 6인이상 가구,비친족 6인이상 가구,집단시설가구,집단시설가구,집단시설가구,집단시설가구,소계,소계,소계,소계,소계,소계,소계,소계,소계,소계,소계,소계,비친족 6인이상 가구,비친족 6인이상 가구,비친족 6인이상 가구,비친족 6인이상 가구,집단시설가구,집단시설가구,집단시설가구,집단시설가구,소계,소계,소계,소계,소계,소계,소계,소계,소계,소계,소계,소계,비친족 6인이상 가구,비친족 6인이상 가구,비친족 6인이상 가구,비친족 6인이상 가구,집단시설가구,집단시설가구,집단시설가구,집단시설가구,소계,소계,소계,소계,소계,소계,소계,소계,소계,소계,소계,소계,비친족 6인이상 가구,비친족 6인이상 가구,비친족 6인이상 가구,비친족 6인이상 가구,집단시설가구,집단시설가구,집단시설가구,집단시설가구,소계,소계,소계,소계,소계,소계,소계,소계,소계,소계,소계,소계,비친족 6인이상 가구,비친족 6인이상 가구,비친족 6인이상 가구,비친족 6인이상 가구,집단시설가구,집단시설가구,집단시설가구,집단시설가구,소계,소계,소계,소계,소계,소계,소계,소계,소계,소계,소계,소계,비친족 6인이상 가구,비친족 6인이상 가구,비친족 6인이상 가구,비친족 6인이상 가구,집단시설가구,집단시설가구,집단시설가구,집단시설가구,소계,소계,소계,소계,소계,소계,소계,소계,소계,소계,소계,소계,비친족 6인이상 가구,비친족 6인이상 가구,비친족 6인이상 가구,비친족 6인이상 가구,집단시설가구,집단시설가구,집단시설가구,집단시설가구,소계,소계,소계,소계,소계,소계,소계,소계,소계,소계,소계,소계,비친족 6인이상 가구,비친족 6인이상 가구,비친족 6인이상 가구,비친족 6인이상 가구,집단시설가구,집단시설가구,집단시설가구,집단시설가구,소계,소계,소계,소계,소계,소계,소계,소계,소계,소계,소계,소계,비친족 6인이상 가구,비친족 6인이상 가구,비친족 6인이상 가구,비친족 6인이상 가구,집단시설가구,집단시설가구,집단시설가구,집단시설가구,소계,소계,소계,소계,소계,소계,소계,소계,소계,소계,소계,소계,비친족 6인이상 가구,비친족 6인이상 가구,비친족 6인이상 가구,비친족 6인이상 가구,집단시설가구,집단시설가구,집단시설가구,집단시설가구,소계,소계,소계,소계
"동별(1)",동별(2),가구수 (가구),가구원수 (명),가구원수 (명),가구원수 (명),가구수 (가구),가구원수 (명),가구원수 (명),가구원수 (명),가구수 (가구),가구원수 (명),가구원수 (명),가구원수 (명),가구수 (가구),가구원수 (명),가구원수 (명),가구원수 (명),가구수 (가구),가구원수 (명),가구원수 (명),가구원수 (명),가구수 (가구),가구원수 (명),가구원수 (명),가구원수 (명),가구수 (가구),가구원수 (명),가구원수 (명),가구원수 (명),가구수 (가구),가구원수 (명),가구원수 (명),가구원수 (명),가구수 (가구),가구원수 (명),가구원수 (명),가구원수 (명),가구수 (가구),가구원수 (명),가구원수 (명),가구원수 (명),가구수 (가구),가구원수 (명),가구원수 (명),가구원수 (명),가구수 (가구),가구원수 (명),가구원수 (명),가구원수 (명),가구수 (가구),가구원수 (명),가구원수 (명),가구원수 (명),가구수 (가구),가구원수 (명),가구원수 (명),가구원수 (명),가구수 (가구),가구원수 (명),가구원수 (명),가구원수 (명),가구수 (가구),가구원수 (명),가구원수 (명),가구원수 (명),가구수 (가구),가구원수 (명),가구원수 (명),가구원수 (명),가구수 (가구),가구원수 (명),가구원수 (명),가구원수 (명),가구수 (가구),가구원수 (명),가구원수 (명),가구원수 (명),가구수 (가구),가구원수 (명),가구원수 (명),가구원수 (명),가구수 (가구),가구원수 (명),가구원수 (명),가구원수 (명),가구수 (가구),가구원수 (명),가구원수 (명),가구원수 (명),가구수 (가구),가구원수 (명),가구원수 (명),가구원수 (명),가구수 (가구),가구원수 (명),가구원수 (명),가구원수 (명),가구수 (가구),가구원수 (명),가구원수 (명),가구원수 (명),가구수 (가구),가구원수 (명),가구원수 (명),가구원수 (명),가구수 (가구),가구원수 (명),가구원수 (명),가구원수 (명),가구수 (가구),가구원수 (명),가구원수 (명),가구원수 (명),가구수 (가구),가구원수 (명),가구원수 (명),가구원수 (명),가구수 (가구),가구원수 (명),가구원수 (명),가구원수 (명),가구수 (가구),가구원수 (명),가구원수 (명),가구원수 (명),가구수 (가구),가구원수 (명),가구원수 (명),가구원수 (명),가구수 (가구),가구원수 (명),가구원수 (명),가구원수 (명),가구수 (가구),가구원수 (명),가구원수 (명),가구원수 (명),가구수 (가구),가구원수 (명),가구원수 (명),가구원수 (명),가구수 (가구),가구원수 (명),가구원수 (명),가구원수 (명),가구수 (가구),가구원수 (명),가구원수 (명),가구원수 (명),가구수 (가구),가구원수 (명),가구원수 (명),가구원수 (명),가구수 (가구),가구원수 (명),가구원수 (명),가구원수 (명),가구수 (가구),가구원수 (명),가구원수 (명),가구원수 (명),가구수 (가구),가구원수 (명),가구원수 (명),가구원수 (명),가구수 (가구),가구원수 (명),가구원수 (명),가구원수 (명),가구수 (가구),가구원수 (명),가구원수 (명),가구원수 (명),가구수 (가구),가구원수 (명),가구원수 (명),가구원수 (명),가구수 (가구),가구원수 (명),가구원수 (명),가구원수 (명),가구수 (가구),가구원수 (명),가구원수 (명),가구원수 (명),가구수 (가구),가구원수 (명),가구원수 (명),가구원수 (명),가구수 (가구),가구원수 (명),가구원수 (명),가구원수 (명),가구수 (가구),가구원수 (명),가구원수 (명),가구원수 (명),가구수 (가구),가구원수 (명),가구원수 (명),가구원수 (명)
"동별(1)",동별(2),소계,소계,남자,여자,소계,소계,남자,여자,소계,소계,남자,여자,소계,소계,남자,여자,소계,소계,남자,여자,소계,소계,남자,여자,소계,소계,남자,여자,소계,소계,남자,여자,소계,소계,남자,여자,소계,소계,남자,여자,소계,소계,남자,여자,소계,소계,남자,여자,소계,소계,남자,여자,소계,소계,남자,여자,소계,소계,남자,여자,소계,소계,남자,여자,소계,소계,남자,여자,소계,소계,남자,여자,소계,소계,남자,여자,소계,소계,남자,여자,소계,소계,남자,여자,소계,소계,남자,여자,소계,소계,남자,여자,소계,소계,남자,여자,소계,소계,남자,여자,소계,소계,남자,여자,소계,소계,남자,여자,소계,소계,남자,여자,소계,소계,남자,여자,소계,소계,남자,여자,소계,소계,남자,여자,소계,소계,남자,여자,소계,소계,남자,여자,소계,소계,남자,여자,소계,소계,남자,여자,소계,소계,남자,여자,소계,소계,남자,여자,소계,소계,남자,여자,소계,소계,남자,여자,소계,소계,남자,여자,소계,소계,남자,여자,소계,소계,남자,여자,소계,소계,남자,여자,소계,소계,남자,여자,소계,소계,남자,여자,소계,소계,남자,여자,소계,소계,남자,여자,소계,소계,남자,여자,소계,소계,남자,여자,소계,소계,남자,여자
"합계",소계,3914820,9904312,4859535,5044777,3784490,9394807,4555632,4839175,1489,16753,8471,8282,772,82267,36754,45513,128069,262718,131533,131185,3915023,9805506,4799115,5006391,3784705,9315075,4510141,4804934,1053,9226,5465,3761,764,87083,37908,49175,128501,255736,127011,128725,3948850,9741871,4757642,4984229,3813260,9239517,4468616,4770901,1429,12754,7052,5702,817,95491,41001,54490,133344,258259,125955,132304,3981741,9673936,4718972,4954964,3839766,9148012,4418569,4729443,1760,15318,8115,7203,803,99925,43069,56856,139412,269561,133112,136449,4043957,9639541,4690440,4949101,3896389,9096901,4386287,4710614,1587,14042,7630,6412,741,103809,43200,60609,145240,272049,133019,139030,4126524,9586195,4647733,4938462,3982290,9098805,4376850,4721955,1479,13447,7459,5988,785,79188,33026,46162,141970,264013,129752,134261,4191171,9472127,4584251,4887876,4046799,9009126,4334563,4674563,1611,14121,7009,7112,843,85502,34535,50967,141918,253225,123670,129555,4252134,9417469,4547051,4870418,4098818,8942201,4295120,4647081,1621,15103,7576,7527,802,88288,35214,53074,150893,261942,124712,137230,4298420,9384512,4523958,4860554,4141659,8908911,4275873,4633038,1573,14557,7266,7291,819,92148,37227,54921,154369,263739,124421,139318,4319073,9335444,4491757,4843687,4159502,8853147,4242944,4610203,1559,14588,7349,7239,883,96732,38361,58371,157129,267935,125103,142832
"합계",종로구,68429,161521,79510,82011,61580,140595,68165,72430,72,633,316,317,34,4128,2164,1964,6743,12521,6166,6355,65022,154398,75620,78778,60786,137889,66610,71279,58,495,306,189,52,5315,2881,2434,4126,7263,3238,4025,66711,157277,76670,80607,62372,140074,67612,72462,74,616,387,229,50,5540,2894,2646,4215,7576,3187,4389,68180,157967,77147,80820,63773,139871,67611,72260,70,578,356,222,53,5854,2992,2862,4284,7723,3365,4358,67650,154969,74880,80089,62652,136649,65594,71055,72,640,433,207,41,4854,2391,2463,4885,8291,3439,4852,68069,151291,73062,78229,63414,135582,65104,70478,68,585,399,186,47,3742,1799,1943,4540,7573,3414,4159,68541,148857,71367,77490,63984,133567,64074,69493,61,512,343,169,48,4170,1798,2372,4448,7275,3145,4130,69831,147512,70318,77194,64422,131437,62684,68753,66,582,319,263,53,3911,1992,1919,5290,8329,3362,4967,70217,146179,69579,76600,64507,129548,61912,67636,56,488,250,238,54,4327,2037,2290,5600,8434,3417,5017,70241,144486,68604,75882,64643,128487,61206,67281,57,498,282,216,50,3782,1572,2210,5491,8452,3612,4840
"합계",중구,55508,128478,63218,65260,51205,114967,56336,58631,46,487,266,221,18,2028,603,1425,4239,8290,3932,4358,55554,128160,62514,65646,51503,114614,55834,58780,56,490,304,186,22,2855,858,1997,3973,7568,3529,4039,56239,127896,62195,65701,52208,114557,55609,58948,66,597,361,236,23,2575,810,1765,3942,7478,3429,4049,57318,129797,62975,66822,53102,115016,55653,59363,73,647,373,274,32,3115,1107,2008,4111,7846,3592,4254,59440,130957,63406,67551,54496,115665,55820,59845,76,690,375,315,22,2328,713,1615,4846,8526,3982,4544,59817,128744,62147,66597,55093,115067,55343,59724,75,688,409,279,21,1758,551,1207,4628,8150,3876,4274,61073,126310,60657,65653,56116,113586,54479,59107,58,506,289,217,22,1385,371,1014,4877,8202,3875,4327,61620,125257,59795,65462,56260,111917,53592,58325,62,599,376,223,19,1479,301,1178,5279,8616,3876,4740,64325,127576,60980,66596,59265,114165,54695,59470,56,496,285,211,17,2191,693,1498,4987,8077,3682,4395,64816,126899,60550,66349,59849,113834,54382,59452,73,658,359,299,20,1937,606,1331,4874,7898,3609,4289
"합계",용산구,96385,227282,109980,117302,90313,208603,99564,109039,45,485,245,240,23,1704,472,1232,6004,11410,5925,5485,96097,224993,108520,116473,90164,206719,98443,108276,32,274,116,158,33,2264,824,1440,5868,11194,5720,5474,96975,223898,108471,115427,91102,204962,97634,107328,56,478,238,240,29,2359,931,1428,5788,11287,5954,5333,98580,226938,110685,116253,92500,205347,97872,107475,57,467,256,211,38,3202,1536,1666,5985,11315,6203,5112,99777,227181,110934,116247,93177,204196,97390,106806,53,428,234,194,27,2387,889,1498,6520,11781,6536,5245,101431,225882,109162,116720,95714,207039,98396,108643,66,550,318,232,23,1550,598,952,5628,10690,5889,4801,102638,221688,106910,114778,96989,204104,97102,107002,66,523,306,217,25,1418,485,933,5558,10239,5556,4683,103974,219289,105474,113815,98483,202679,96149,106530,55,461,242,219,24,1247,497,750,5412,9678,5238,4440,103826,214791,102923,111868,98322,199442,94573,104869,47,403,208,195,26,1820,475,1345,5431,9391,5040,4351,98398,203401,97246,106155,93491,189119,89579,99540,47,389,226,163,21,1860,502,1358,4839,8538,4467,4071
"합계",성동구,118900,295006,146332,148674,114719,279939,136888,143051,57,684,319,365,18,2468,1562,906,4106,7282,3689,3593,120625,294744,145935,148809,116401,280447,137123,143324,40,314,198,116,15,2350,1377,973,4169,7228,3573,3655,125421,302367,149060,153307,120957,287387,140138,147249,58,495,260,235,17,2785,1541,1244,4389,7460,3587,3873,128602,306796,150623,156173,123963,290667,141052,149615,59,503,244,259,19,3174,1868,1306,4561,7719,3642,4077,127557,299688,146630,153058,122770,283330,137125,146205,64,529,280,249,15,3106,1774,1332,4708,7557,3480,4077,126658,291918,142128,149790,122186,277120,133829,143291,48,383,174,209,21,3054,1646,1408,4403,7015,3218,3797,127440,286469,139181,147288,122756,271868,131302,140566,58,445,213,232,17,3546,1860,1686,4609,7012,3148,3864,127790,282131,136734,145397,122873,267408,128938,138470,60,454,222,232,16,3418,1718,1700,4841,7219,3187,4032,127950,277683,134488,143195,123124,263868,127131,136737,52,420,212,208,18,3068,1656,1412,4756,6897,3028,3869,127631,274688,132827,141861,122894,260907,125517,135390,48,389,193,196,17,3319,1768,1551,4672,6797,2986,3811
"합계",광진구,155242,368199,180647,187552,147718,342909,166328,176581,51,575,260,315,33,5628,2868,2760,7440,13634,6433,7201,153844,363979,177858,186121,146196,339155,163934,175221,51,407,262,145,26,5324,2612,2712,7571,13854,6550,7304,155878,363934,177156,186778,147846,338040,163065,174975,61,568,311,257,29,5487,2751,2736,7942,14382,6554,7828,156764,362304,175762,186542,148735,335353,161180,174173,58,520,265,255,29,5838,2836,3002,7942,14877,6931,7946,158673,359766,174027,185739,149905,331747,159187,172560,65,570,315,255,22,5827,2814,3013,8681,15325,7015,8310,160944,353967,169925,184042,152090,328366,156900,171466,55,476,231,245,23,4096,1771,2325,8776,15249,6923,8326,162785,347099,166469,180630,153962,323607,154760,168847,49,397,171,226,22,3588,1582,2006,8752,14613,6575,8038,166046,346519,165843,180676,156463,321703,153691,168012,54,480,196,284,24,4196,1824,2372,9505,15418,6824,8594,168848,348160,166527,181633,158612,321416,153569,167847,54,456,205,251,39,5132,2336,2796,10143,16024,7041,8983,169231,345130,164812,180318,158609,317840,151610,166230,48,440,205,235,30,5012,2301,2711,10544,16842,7376,9466
"합계",동대문구,153362,364787,181189,183598,146677,342429,168828,173601,103,1193,597,596,31,4229,2001,2228,6551,10651,4524,6127,152538,359935,178285,181650,145179,337449,166238,171211,69,611,373,238,34,4323,2069,2254,7256,11743,4892,6851,153187,357380,176460,180920,145294,332541,163682,168859,91,868,454,414,43,5167,2438,2729,7759,12624,5106,7518,155542,358141,176323,181818,146974,331344,162598,168746,119,1072,566,506,39,5414,2598,2816,8410,13464,5467,7997,157662,355094,174161,180933,148349,327897,160582,167315,96,847,461,386,30,4743,2100,2643,9187,14055,5739,8316,158899,351057,171484,179573,150373,325598,158810,166788,97,863,473,390,34,4789,2241,2548,8395,12832,5336,7496,162315,348201,169409,178792,153246,322786,157421,165365,107,909,441,468,39,5659,2532,3127,8923,13178,5280,7898,166787,350709,169670,181039,155912,322525,156924,165601,92,867,420,447,32,5931,2619,3312,10751,15602,5902,9700,171039,355999,171927,184072,159457,326843,158824,168019,115,1053,524,529,39,5788,2495,3293,11428,15917,6056,9861,172439,355789,171604,184185,160767,326070,158077,167993,103,946,479,467,43,6072,2630,3442,11526,16516,6495,10021
"합계",중랑구,160043,403237,199936,203301,157537,391655,192236,199419,37,428,181,247,31,1371,610,761,2438,4118,1916,2202,159920,399317,197875,201442,157571,388408,190502,197906,21,174,122,52,22,1283,573,710,2306,3930,1870,2060,161432,396892,196346,200546,159035,385721,188954,196767,39,367,212,155,23,1407,708,699,2335,4035,1855,2180,162039,391668,193599,198069,159444,380262,186286,193976,40,364,209,155,19,1379,687,692,2536,4400,2032,2368,163422,386331,190531,195800,160776,374640,183357,191283,35,325,179,146,19,1551,695,856,2592,4529,2110,2419,167617,385663,189537,196126,164832,374271,182856,191415,28,224,116,108,21,1458,554,904,2736,4834,2223,2611,170021,380307,186364,193943,167260,370216,180631,189585,44,350,156,194,23,1262,412,850,2694,4587,2125,2462,173424,379127,185196,193931,170544,368945,179517,189428,45,383,175,208,20,1124,295,829,2815,4738,2143,2595,174863,376621,183685,192936,171823,366044,177901,188143,44,373,166,207,24,1255,415,840,2972,5061,2308,2753,176740,375066,182365,192701,173326,363653,176236,187417,50,418,199,219,25,1588,548,1040,3339,5694,2569,3125
"합계",성북구,178717,456844,221861,234983,174257,434061,209363,224698,99,1269,619,650,69,7762,2976,4786,4292,6833,3053,3780,179278,451800,218606,233194,174370,428696,206326,222370,86,851,402,449,67,8136,3077,5059,4755,7557,3343,4214,178276,445417,215068,230349,172973,421449,202703,218746,113,1036,449,587,70,8276,3128,5148,5120,8296,3567,4729,177489,438734,211204,227530,171943,413679,198555,215124,111,1020,471,549,72,8572,3167,5405,5363,8447,3573,4874,182594,445327,213832,231495,176729,418403,200642,217761,97,878,371,507,65,9354,3338,6016,5703,8829,3655,5174,184871,438833,209682,229151,179660,416155,198500,217655,113,1034,454,580,79,6923,2557,4366,5019,7743,3208,4535,187246,435509,207428,228081,181827,412726,196898,215828,117,1016,384,632,107,8332,2875,5457,5195,7628,3110,4518,190541,436113,207284,228829,183972,411430,195957,215473,138,1345,605,740,89,8095,2821,5274,6342,9232,3593,5639,191164,432874,205261,227613,184404,407265,193822,213443,134,1298,550,748,81,9017,3186,5831,6545,9249,3570,5679,191165,429210,203170,226040,184228,402659,191421,211238,124,1203,521,682,100,10103,3527,6576,6713,9485,3725,5760
"합계",강북구,127462,319992,156386,163606,125666,310292,150378,159914,46,462,239,223,36,1782,457,1325,1714,2890,1273,1617,127371,316212,154407,161805,125580,307062,148774,158288,26,224,148,76,33,1807,471,1336,1732,2825,1247,1578,129204,313698,152464,161234,127281,304565,147022,157543,31,274,135,139,37,1914,557,1357,1855,2930,1243,1687,129610,309138,150028,159110,127551,299415,144410,155005,68,557,259,298,30,1895,506,1389,1961,3155,1394,1761,130161,303871,147112,156759,128012,294143,141759,152384,43,362,193,169,29,2080,518,1562,2077,3258,1430,1828,131884,299535,144779,154756,129805,290437,139796,150641,41,371,234,137,31,1938,537,1401,2007,3205,1411,1794,132458,292611,141265,151346,130329,284035,136774,147261,61,518,270,248,31,1828,474,1354,2037,3206,1401,1805,133870,287788,138515,149273,131275,278880,133830,145050,65,566,278,288,28,1433,381,1052,2502,3772,1573,2199,134438,284155,136266,147889,131363,274648,131568,143080,60,562,307,255,30,1376,346,1030,2985,4476,1754,2722,134478,280470,133834,146636,130929,269858,128904,140954,59,501,296,205,34,2002,519,1483,3456,5143,1923,3220
"합계",도봉구,125952,340095,166187,173908,124981,331682,160673,171009,33,401,119,282,31,1928,433,1495,907,1440,709,731,126297,336745,164407,172338,125384,329548,159573,169975,10,82,53,29,27,1481,254,1227,876,1376,674,702,126940,332586,161944,170642,125974,325115,157138,167977,29,267,102,165,31,1775,360,1415,906,1406,676,730,127249,328243,159569,168674,126286,320556,154873,165683,49,371,133,238,27,1859,328,1531,887,1457,690,767,127843,323543,156961,166582,126831,315032,152106,162926,24,185,80,105,34,2818,640,2178,954,1548,752,796,128378,315979,153080,162899,127362,308747,148819,159928,19,168,68,100,30,2029,510,1519,967,1539,724,815,129498,309200,149413,159787,128439,302596,145847,156749,46,380,125,255,27,1846,325,1521,986,1490,683,807,130115,304137,146600,157537,128975,297133,142928,154205,46,382,142,240,33,2050,304,1746,1061,1632,754,878,130370,299931,144315,155616,129149,292856,140759,152097,48,408,132,276,31,2119,353,1766,1142,1769,801,968,131159,296997,142662,154335,129841,289346,138946,150400,41,359,106,253,37,2696,544,2152,1240,1949,893,1056
"합계",노원구,206092,562996,274128,288868,204836,547202,263417,283785,62,734,304,430,32,5180,2194,2986,1162,1875,958,917,205793,555420,270058,285362,204606,540372,259901,280471,46,352,163,189,41,5377,2279,3098,1100,1781,891,890,204188,543499,263655,279844,202955,527633,253207,274426,84,644,345,299,40,6388,2821,3567,1109,1795,868,927,203647,534096,258737,275359,202326,516758,247829,268929,75,587,220,367,36,7602,3440,4162,1210,2021,958,1063,202930,522480,252662,269818,201458,504967,241951,263016,67,546,202,344,36,7686,3415,4271,1369,2223,1073,1150,204210,511982,246317,265665,202695,497776,237619,260157,50,414,191,223,36,5126,1924,3202,1429,2319,1173,1146,205936,503929,242171,261758,204282,488629,233278,255351,64,493,186,307,41,6907,2920,3987,1549,2366,1145,1221,206796,496423,238120,258303,205078,480815,229076,251739,48,379,149,230,46,7421,3183,4238,1624,2428,1162,1266,207589,492979,236495,256484,205769,476548,226873,249675,52,446,160,286,40,8391,4121,4270,1728,2533,1150,1383,207675,486446,233042,253404,205666,469812,223413,246399,56,469,192,277,43,8364,4131,4233,1910,2856,1198,1658
"합계",은평구,181725,478374,232709,245665,179752,464236,222929,241307,49,464,204,260,35,4008,2397,1611,1889,3399,1636,1763,180698,472242,229215,243027,178775,458783,220012,238771,21,161,88,73,36,4229,2400,1829,1866,3203,1532,1671,181588,466243,225813,240430,179641,453061,216979,236082,34,290,152,138,39,4132,2235,1897,1874,3248,1559,1689,183289,462552,223452,239100,181338,449471,214766,234705,52,410,186,224,32,3785,2019,1766,1867,3214,1571,1643,186841,461530,222076,239454,184890,447693,213158,234535,48,453,249,204,34,4377,2279,2098,1869,3201,1503,1698,192581,463102,221828,241274,190631,450207,213654,236553,43,409,198,211,34,4065,2175,1890,1873,3233,1504,1729,195512,457385,218155,239230,193626,445703,210990,234713,53,490,202,288,40,3910,2016,1894,1793,2995,1407,1588,198082,454649,216315,238334,196206,442955,209097,233858,64,623,265,358,43,3763,1917,1846,1769,2922,1348,1574,200425,452988,214646,238342,198534,442002,207882,234120,55,531,236,295,38,3455,1786,1669,1798,2939,1335,1604,200904,448142,211821,236321,198916,437356,205255,232101,51,500,228,272,42,3164,1609,1555,1895,3163,1425,1738
"합계",서대문구,125149,308768,147956,160812,121034,288543,137817,150726,60,772,393,379,44,7768,3023,4745,4011,6923,2807,4116,130954,320258,151756,168502,126581,298202,141698,156504,51,432,161,271,43,9430,3075,6355,4279,7334,2853,4481,131721,321345,151132,170213,126672,296743,140603,156140,60,585,305,280,45,10859,3261,7598,4944,8153,2995,5158,132305,318874,149438,169436,127197,293559,138984,154575,71,653,312,341,40,10776,3075,7701,4997,8153,2828,5325,134437,319394,149113,170281,128635,291958,137971,153987,68,600,294,306,37,10885,3046,7839,5697,9153,3095,6058,138528,317209,148696,168513,133112,296599,139604,156995,61,547,287,260,38,5744,1878,3866,5317,8312,2984,5328,140409,314547,146558,167989,134544,292657,137759,154898,72,678,319,359,41,7489,2044,5445,5752,8629,3086,5543,143327,318308,146857,171451,136043,291938,137252,154686,81,706,327,379,43,10086,2520,7566,7160,10344,3374,6970,145742,320168,147424,172744,138166,293455,137728,155727,77,726,339,387,44,10502,2904,7598,7455,10371,3266,7105,145416,316345,145122,171223,137979,290371,135959,154412,67,666,295,371,37,9902,2475,7427,7333,10377,3236,7141
"합계",마포구,159636,381330,182657,198673,154981,364232,172865,191367,72,741,354,387,28,2650,1281,1369,4555,8077,3475,4602,158474,375142,179193,195949,153610,357717,169347,188370,54,461,261,200,20,3707,1805,1902,4790,7873,3353,4520,157877,368841,175326,193515,152814,351174,165730,185444,61,552,288,264,20,3817,1847,1970,4982,8221,3320,4901,159850,368181,174194,193987,154940,350007,164506,185501,83,705,357,348,23,3893,1752,2141,4804,7776,3033,4743,162161,369327,173893,195434,156885,348755,163126,185629,81,711,389,322,21,4975,2292,2683,5174,8239,3159,5080,166007,365612,171161,194451,160681,349648,162914,186734,77,635,321,314,23,1942,873,1069,5226,8038,3219,4819,169539,365192,170867,194325,164080,349062,162826,186236,75,613,270,343,23,2911,1263,1648,5361,8093,3229,4864,171619,362408,168768,193640,165603,345377,160627,184750,66,600,285,315,19,3255,1424,1831,5931,8722,3213,5509,173258,361380,167854,193526,167410,344866,160138,184728,70,584,287,297,22,3400,1386,2014,5756,8310,3009,5301,173531,358927,166191,192736,167967,342854,158711,184143,71,644,332,312,23,3512,1334,2178,5470,7779,2814,4965
"합계",양천구,166139,465512,229878,235634,163823,453634,221218,232416,39,375,185,190,25,807,293,514,2252,3987,1998,1989,165412,460267,226927,233340,163253,449311,218936,230375,14,118,74,44,26,873,310,563,2119,3711,1885,1826,164193,452111,222503,229608,162045,441565,214848,226717,19,183,96,87,26,876,347,529,2103,3595,1781,1814,164048,445591,218975,226616,162039,435369,211622,223747,28,227,124,103,23,777,295,482,1958,3490,1765,1725,165106,440354,216078,224276,162867,429819,208741,221078,23,201,125,76,22,916,323,593,2194,3734,1849,1885,168184,439068,214978,224090,166044,429197,208299,220898,22,203,113,90,22,1052,331,721,2096,3570,1758,1812,170289,433373,211970,221403,168355,424680,206262,218418,26,235,163,72,24,1143,379,764,1884,3152,1510,1642,171291,426981,208521,218460,169344,418463,202972,215491,27,262,135,127,21,1014,324,690,1899,3137,1486,1651,171469,422248,205753,216495,169479,413952,200490,213462,26,244,157,87,23,1107,352,755,1941,3215,1501,1714,171027,417397,203140,214257,169044,409162,197945,211217,27,243,136,107,22,1049,319,730,1934,3201,1462,1739
"합계",강서구,220598,570507,278270,292237,217636,554709,267487,287222,49,440,177,263,41,2290,874,1416,2872,5431,2867,2564,225672,574287,279521,294766,222652,559978,269519,290459,19,164,119,45,40,1808,889,919,2961,5240,2609,2631,234926,581675,282678,298997,231739,566909,272818,294091,36,294,196,98,47,2429,1062,1367,3104,5477,2684,2793,238901,578539,280629,297910,235754,563772,270885,292887,46,367,202,165,43,2343,1051,1292,3058,5485,2670,2815,243220,574097,277365,296732,240135,559359,268057,291302,35,316,185,131,41,2583,927,1656,3009,5289,2549,2740,247202,564854,271779,293075,244097,551415,263506,287909,33,309,152,157,41,2148,754,1394,3031,5307,2507,2800,253018,559837,268530,291307,249984,547421,261052,286369,50,421,225,196,45,2141,746,1395,2939,5042,2390,2652,257613,555999,266085,289914,254540,543700,258673,285027,50,441,220,221,44,2094,726,1368,2979,5050,2403,2647,258700,549557,262646,286911,255617,537347,255359,281988,49,404,206,198,52,2233,815,1418,2982,5090,2420,2670,259211,543974,259852,284122,256036,531642,252555,279087,44,380,215,165,53,2405,970,1435,3078,5185,2368,2817
"합계",구로구,170651,444832,222985,221847,156528,401233,197438,203795,44,639,318,321,28,2006,972,1034,14051,35104,19123,15981,171945,442165,221227,220938,156671,397844,195434,202410,28,261,162,99,35,2730,1279,1451,15211,35931,19595,16336,172346,436869,218428,218441,156110,390815,191782,199033,44,367,234,133,44,3086,1433,1653,16148,36196,19641,16555,174431,433765,217086,216679,156235,384827,188614,196213,55,459,271,188,43,3084,1457,1627,18098,39722,21909,17813,178837,435560,217373,218187,160378,386239,188979,197260,68,533,321,212,38,3225,1419,1806,18353,39456,21661,17795,182636,435442,216855,218587,164083,386742,189181,197561,55,461,284,177,41,3610,1481,2129,18457,38976,21337,17639,184821,426220,212275,213945,166197,380978,186523,194455,49,377,222,155,48,3159,1228,1931,18527,37185,20588,16597,188054,424038,210737,213301,169228,378890,184838,194052,48,450,256,194,43,2945,1237,1708,18735,37189,20639,16550,190000,423397,210034,213363,171257,378092,184267,193825,57,440,250,190,40,3416,1358,2058,18646,37076,20624,16452,190182,418832,207187,211645,171388,373696,181825,191871,46,392,225,167,42,3421,1329,2092,18706,36991,20316,16675
"합계",금천구,103086,250690,128036,122654,93443,222566,111777,110789,29,460,261,199,31,1285,447,838,9583,22207,11994,10213,103691,247819,126271,121548,93402,220371,110481,109890,18,134,73,61,21,1219,414,805,10250,22351,12104,10247,106162,249930,127252,122678,95331,221824,111220,110604,30,280,142,138,26,1418,460,958,10775,22121,11924,10197,108167,249344,127278,122066,96298,219601,110172,109429,48,417,230,187,29,1587,590,997,11792,24137,13263,10874,111250,249747,127242,122505,99315,219896,110152,109744,51,434,251,183,30,1610,605,1005,11854,23837,13082,10755,115254,249419,126490,122929,103432,220503,110278,110225,38,348,232,116,29,1701,579,1122,11755,23401,12663,10738,118852,247398,125468,121930,107430,220904,110587,110317,38,332,180,152,30,1482,545,937,11354,21950,12008,9942,121987,247185,125201,121984,110689,221193,110561,110632,37,358,202,156,23,1189,384,805,11238,21785,11978,9807,123220,245860,124278,121582,111789,219602,109532,110070,33,363,220,143,25,1345,460,885,11373,21969,12075,9894,124012,243662,122912,120750,112676,217367,108343,109024,35,312,195,117,31,1349,475,874,11270,22098,11935,10163
"합계",영등포구,162570,406528,203801,202727,147745,351837,172795,179042,80,1194,750,444,28,2087,1301,786,14717,44555,23369,21186,161970,398120,199142,198978,146904,346269,169915,176354,51,426,267,159,37,2392,1274,1118,14978,43009,22681,20328,162626,393560,196929,196631,147559,341888,167825,174063,72,642,401,241,40,2998,1583,1415,14955,41394,21772,19622,166047,395286,198031,197255,149831,341561,167419,174142,99,956,584,372,39,3134,1717,1417,16078,43848,23509,20339,169700,394083,196903,197180,153923,341509,167114,174395,90,842,494,348,37,3270,1757,1513,15650,42182,22502,19680,178217,403619,200678,202941,162391,352157,171929,180228,76,779,496,283,45,3778,1809,1969,15705,41381,22040,19341,184045,402984,200027,202957,168518,356146,173767,182379,84,803,461,342,41,3015,1451,1564,15402,38479,20650,17829,187482,401805,198830,202975,172104,356185,173216,182969,80,830,500,330,37,2372,1107,1265,15261,37837,20283,17554,190452,400544,197696,202848,174908,355332,172607,182725,75,751,427,324,31,2057,949,1108,15438,38001,20171,17830,192656,400799,197205,203594,176587,354493,171830,182663,85,841,455,386,39,3150,1488,1662,15945,38010,19959,18051
"합계",동작구,166706,407894,200602,207292,161000,383917,186761,197156,54,630,321,309,22,5673,2788,2885,5630,11837,5719,6118,165785,404076,197854,206222,159770,381131,184880,196251,57,522,269,253,19,5091,2429,2662,5939,11982,5690,6292,166520,400236,195253,204983,160062,376846,182456,194390,50,445,187,258,24,5549,2586,2963,6384,12236,5688,6548,168420,397980,193713,204267,161495,373622,180491,193131,89,772,319,453,22,5592,2583,3009,6814,12663,5955,6708,172323,400368,194049,206319,164963,374478,180291,194187,89,805,356,449,17,6307,2932,3375,7254,13066,5991,7075,174572,392772,189611,203161,167766,371853,178401,193452,88,817,409,408,19,3215,1528,1687,6699,11951,5515,6436,176665,388094,187311,200783,170333,368028,176885,191143,98,910,417,493,21,4043,1812,2231,6213,10797,4998,5799,179771,386605,186536,200069,172696,365033,175451,189582,103,1040,475,565,21,4822,2239,2583,6951,11428,5128,6300,181307,384089,185348,198741,173897,361991,174125,187866,100,994,462,532,21,4888,2289,2599,7289,11852,5296,6556,181275,381172,183544,197628,173615,357863,171834,186029,112,1155,523,632,32,5825,2774,3051,7516,11956,5188,6768
"합계",관악구,238744,519622,261967,257655,228636,484478,241953,242525,133,1583,950,633,35,7008,3516,3492,9940,19232,9332,9900,241003,515648,259824,255824,230570,481589,240531,241058,96,996,699,297,24,6662,3293,3369,10313,19443,9372,10071,242972,511222,256857,254365,232212,476705,237760,238945,134,1326,823,503,25,7101,3502,3599,10601,19135,8997,10138,247871,510303,255687,254616,236761,475013,236331,238682,187,1815,1101,714,24,7115,3546,3569,10899,19679,9258,10421,253139,507828,254082,253746,242154,472796,234870,237926,145,1469,876,593,29,7366,3776,3590,10811,19012,8931,10081,259822,502641,250850,251791,248959,470469,233619,236850,146,1544,911,633,32,6094,3078,3016,10685,18546,8684,9862,263380,495777,247814,247963,252619,464158,231155,233003,149,1600,822,778,26,7363,3894,3469,10586,17559,8047,9512,271474,496743,248148,248595,260075,464949,231726,233223,157,1710,949,761,26,7054,3575,3479,11216,17791,7920,9871,275312,493677,246553,247124,263166,461910,230653,231257,155,1732,934,798,20,6175,3094,3081,11971,18523,7991,10532,277394,490493,244885,245608,264148,457257,228585,228672,156,1661,869,792,22,6464,3199,3265,13068,19947,8486,11461
"합계",서초구,156703,420804,201841,218963,154031,407416,193537,213879,63,604,265,339,25,2506,838,1668,2584,4287,2090,2197,157437,419682,201062,218620,155051,407756,193616,214140,32,279,178,101,23,2294,656,1638,2331,3773,1860,1913,157978,414550,198241,216309,155513,402857,191139,211718,44,391,235,156,20,2471,671,1800,2401,3866,1855,2011,157716,409491,196064,213427,155418,397464,188745,208719,56,484,293,191,21,2486,655,1831,2221,3541,1689,1852,157635,404960,194195,210765,155377,391520,185921,205599,51,463,271,192,22,3147,1051,2096,2185,3465,1667,1798,158582,401749,192081,209668,156123,390747,185395,205352,57,546,308,238,21,1787,558,1229,2381,3862,1878,1984,158408,392302,187435,204867,155936,381688,181261,200427,51,418,220,198,23,2104,588,1516,2398,3857,1905,1952,156869,383181,183006,200175,154471,372746,177074,195672,40,342,199,143,27,2242,615,1627,2331,3689,1742,1947,159582,385267,183751,201516,157290,375801,178355,197446,36,332,169,163,23,2077,611,1466,2233,3548,1640,1908,160651,386254,183900,202354,158384,376382,178320,198062,36,362,191,171,28,2470,764,1706,2203,3470,1608,1862
"합계",강남구,214911,541688,259526,282162,211357,526157,248833,277324,81,646,389,257,24,1527,578,949,3449,5159,2685,2474,212128,532469,254645,277824,208904,517916,244758,273158,57,472,282,190,13,1646,538,1108,3154,4607,2394,2213,210728,522514,250087,272427,207369,508816,240907,267909,61,522,320,202,18,1658,601,1057,3280,4691,2343,2348,206323,507810,243579,264231,203083,493298,233838,259460,69,606,349,257,22,1796,703,1093,3149,4459,2250,2209,209768,509199,244403,264796,206524,493492,234001,259491,60,514,281,233,24,2259,821,1438,3160,4445,2213,2232,212582,508135,243322,264813,208833,494125,234355,259770,62,564,313,251,25,1865,707,1158,3662,5109,2634,2475,214939,503019,240842,262177,211168,489947,232877,257070,66,598,281,317,24,1800,587,1213,3681,5048,2463,2585,216165,500149,239430,260719,212499,487446,231757,255689,67,638,293,345,22,1812,646,1166,3577,4837,2283,2554,222421,511084,244560,266524,218895,499355,237607,261748,51,468,232,236,25,1823,613,1210,3450,4624,2092,2532,229978,528194,252802,275392,226333,515938,245582,270356,49,463,225,238,28,1896,578,1318,3568,4864,2200,2664
"합계",송파구,235101,634941,309336,325605,230941,615487,296204,319283,45,417,236,181,22,3097,1340,1757,4093,7057,3573,3484,234836,628212,305494,322718,230801,610031,293122,316909,34,281,209,72,27,3016,1490,1526,3974,6773,3422,3351,241411,633953,307723,326230,237516,615834,295858,319976,43,348,215,133,24,3698,1616,2082,3828,6507,3246,3261,247410,638167,309442,328725,243547,619701,297449,322252,58,437,259,178,23,3768,1588,2180,3782,6525,3315,3210,256160,648600,313725,334875,252212,629275,301491,327784,56,462,288,174,24,4160,1628,2532,3868,6594,3343,3251,259785,643288,309802,333486,255766,626201,299135,327066,43,377,246,131,24,3338,1293,2045,3952,6698,3357,3341,263270,634720,305449,329271,259378,619711,295907,323804,36,329,218,111,28,2622,1222,1400,3828,6352,3159,3193,267302,635758,305954,329804,263448,620692,296408,324284,37,342,229,113,24,2884,1331,1553,3793,6220,3078,3142,269591,630744,303004,327740,265857,616529,294130,322399,42,353,228,125,30,2799,1300,1499,3662,5998,2902,3096,271703,628648,301344,327304,267817,613895,292349,321546,43,412,234,178,31,3065,1326,1739,3812,6189,3001,3188
"합계",강동구,167009,444385,220597,223788,164094,432028,211842,220186,40,437,203,234,28,1347,766,581,2847,4519,2287,2232,162679,429416,212899,216517,160021,417818,204634,213184,26,245,176,69,28,1471,781,690,2604,4187,2134,2053,163351,423978,209931,214047,160680,412436,201927,210509,39,319,204,115,27,1726,858,868,2605,4150,2124,2026,161943,414231,204752,209479,159233,402479,196828,205651,40,324,176,148,25,1885,973,912,2645,4445,2250,2195,165671,415287,204807,210480,162976,403443,196902,206541,30,239,127,112,25,1995,1057,938,2640,4454,2263,2191,179794,444434,218299,226135,177148,432784,210608,222176,18,152,122,30,25,2386,1294,1092,2603,4480,2277,2203,188073,451099,220916,230183,185441,440323,214146,226177,33,268,125,143,27,2379,1126,1253,2572,4291,2187,2104,190304,448655,219114,229541,187615,437762,212182,225580,33,263,117,146,25,2451,1234,1217,2631,4327,2223,2104,192312,446561,217965,228596,189599,436034,211373,224661,29,232,120,112,26,2387,1197,1190,2658,4395,2252,2143,197160,454023,221136,232887,194369,443286,214560,228726,31,287,168,119,33,2325,1073,1252,2727,4535,2252,2283
